approach,n_ris,spacing_key,spacing_lambda,spacing_label,training_policy,evaluation_condition,channel_gain,source_file
Greedy,16,lambda_4,0.25,\lambda/4,standard_no_mc,no_coupling_eval,3154.4388,outputs/Greedy/16/lambda_4.txt
Greedy,16,lambda_4,0.25,\lambda/4,standard_no_mc,with_coupling_eval,3154.2605,outputs/Greedy/16/lambda_4.txt
Greedy,16,lambda_4,0.25,\lambda/4,mc_aware,no_coupling_eval,3150.7351,outputs/Greedy/16/lambda_4.txt
Greedy,16,lambda_4,0.25,\lambda/4,mc_aware,with_coupling_eval,3157.8929,outputs/Greedy/16/lambda_4.txt
Greedy,16,lambda_2,0.5,\lambda/2,standard_no_mc,no_coupling_eval,3444.4645,outputs/Greedy/16/lambda_2.txt
Greedy,16,lambda_2,0.5,\lambda/2,standard_no_mc,with_coupling_eval,3444.6319,outputs/Greedy/16/lambda_2.txt
Greedy,16,lambda_2,0.5,\lambda/2,mc_aware,no_coupling_eval,3443.9555,outputs/Greedy/16/lambda_2.txt
Greedy,16,lambda_2,0.5,\lambda/2,mc_aware,with_coupling_eval,3444.8277,outputs/Greedy/16/lambda_2.txt
Greedy,16,lambda,1.0,\lambda,standard_no_mc,no_coupling_eval,10692.6328,outputs/Greedy/16/lambda.txt
Greedy,16,lambda,1.0,\lambda,standard_no_mc,with_coupling_eval,10692.2984,outputs/Greedy/16/lambda.txt
Greedy,16,lambda,1.0,\lambda,mc_aware,no_coupling_eval,10692.5222,outputs/Greedy/16/lambda.txt
Greedy,16,lambda,1.0,\lambda,mc_aware,with_coupling_eval,10692.239,outputs/Greedy/16/lambda.txt
Greedy,64,lambda_4,0.25,\lambda/4,standard_no_mc,no_coupling_eval,8010.1376,outputs/Greedy/64/lambda_4.txt
Greedy,64,lambda_4,0.25,\lambda/4,standard_no_mc,with_coupling_eval,8004.0025,outputs/Greedy/64/lambda_4.txt
Greedy,64,lambda_4,0.25,\lambda/4,mc_aware,no_coupling_eval,7895.3777,outputs/Greedy/64/lambda_4.txt
Greedy,64,lambda_4,0.25,\lambda/4,mc_aware,with_coupling_eval,8064.5379,outputs/Greedy/64/lambda_4.txt
Greedy,64,lambda_2,0.5,\lambda/2,standard_no_mc,no_coupling_eval,9698.1308,outputs/Greedy/64/lambda_2.txt
Greedy,64,lambda_2,0.5,\lambda/2,standard_no_mc,with_coupling_eval,9698.7984,outputs/Greedy/64/lambda_2.txt
Greedy,64,lambda_2,0.5,\lambda/2,mc_aware,no_coupling_eval,9696.1963,outputs/Greedy/64/lambda_2.txt
Greedy,64,lambda_2,0.5,\lambda/2,mc_aware,with_coupling_eval,9703.3082,outputs/Greedy/64/lambda_2.txt
Greedy,64,lambda,1.0,\lambda,standard_no_mc,no_coupling_eval,3306.0093,outputs/Greedy/64/lambda.txt
Greedy,64,lambda,1.0,\lambda,standard_no_mc,with_coupling_eval,3305.9374,outputs/Greedy/64/lambda.txt
Greedy,64,lambda,1.0,\lambda,mc_aware,no_coupling_eval,3305.6873,outputs/Greedy/64/lambda.txt
Greedy,64,lambda,1.0,\lambda,mc_aware,with_coupling_eval,3305.6999,outputs/Greedy/64/lambda.txt
Greedy,256,lambda_4,0.25,\lambda/4,standard_no_mc,no_coupling_eval,5129.0446,outputs/Greedy/256/lambda_4.txt
Greedy,256,lambda_4,0.25,\lambda/4,standard_no_mc,with_coupling_eval,5158.523,outputs/Greedy/256/lambda_4.txt
Greedy,256,lambda_4,0.25,\lambda/4,mc_aware,no_coupling_eval,4215.8121,outputs/Greedy/256/lambda_4.txt
Greedy,256,lambda_4,0.25,\lambda/4,mc_aware,with_coupling_eval,5678.9458,outputs/Greedy/256/lambda_4.txt
Greedy,256,lambda_2,0.5,\lambda/2,standard_no_mc,no_coupling_eval,8326.2517,outputs/Greedy/256/lambda_2.txt
Greedy,256,lambda_2,0.5,\lambda/2,standard_no_mc,with_coupling_eval,8323.9851,outputs/Greedy/256/lambda_2.txt
Greedy,256,lambda_2,0.5,\lambda/2,mc_aware,no_coupling_eval,8285.0095,outputs/Greedy/256/lambda_2.txt
Greedy,256,lambda_2,0.5,\lambda/2,mc_aware,with_coupling_eval,8366.5164,outputs/Greedy/256/lambda_2.txt
Greedy,256,lambda,1.0,\lambda,standard_no_mc,no_coupling_eval,8810.3236,outputs/Greedy/256/lambda.txt
Greedy,256,lambda,1.0,\lambda,standard_no_mc,with_coupling_eval,8811.7168,outputs/Greedy/256/lambda.txt
Greedy,256,lambda,1.0,\lambda,mc_aware,no_coupling_eval,8810.2441,outputs/Greedy/256/lambda.txt
Greedy,256,lambda,1.0,\lambda,mc_aware,with_coupling_eval,8811.9784,outputs/Greedy/256/lambda.txt
Gumbel,16,lambda_4,0.25,\lambda/4,standard_no_mc,no_coupling_eval,4313.9986,outputs/Gumbel/16/lambda_4.txt
Gumbel,16,lambda_4,0.25,\lambda/4,standard_no_mc,with_coupling_eval,4313.4695,outputs/Gumbel/16/lambda_4.txt
Gumbel,16,lambda_4,0.25,\lambda/4,mc_aware,no_coupling_eval,4301.0999,outputs/Gumbel/16/lambda_4.txt
Gumbel,16,lambda_4,0.25,\lambda/4,mc_aware,with_coupling_eval,4301.9575,outputs/Gumbel/16/lambda_4.txt
Gumbel,16,lambda_2,0.5,\lambda/2,standard_no_mc,no_coupling_eval,4567.8112,outputs/Gumbel/16/lambda_2.txt
Gumbel,16,lambda_2,0.5,\lambda/2,standard_no_mc,with_coupling_eval,4567.5115,outputs/Gumbel/16/lambda_2.txt
Gumbel,16,lambda_2,0.5,\lambda/2,mc_aware,no_coupling_eval,4558.7754,outputs/Gumbel/16/lambda_2.txt
Gumbel,16,lambda_2,0.5,\lambda/2,mc_aware,with_coupling_eval,4556.3243,outputs/Gumbel/16/lambda_2.txt
Gumbel,16,lambda,1.0,\lambda,standard_no_mc,no_coupling_eval,6922.3957,outputs/Gumbel/16/lambda.txt
Gumbel,16,lambda,1.0,\lambda,standard_no_mc,with_coupling_eval,6922.7619,outputs/Gumbel/16/lambda.txt
Gumbel,16,lambda,1.0,\lambda,mc_aware,no_coupling_eval,6921.085,outputs/Gumbel/16/lambda.txt
Gumbel,16,lambda,1.0,\lambda,mc_aware,with_coupling_eval,6920.4975,outputs/Gumbel/16/lambda.txt
Gumbel,64,lambda_4,0.25,\lambda/4,standard_no_mc,no_coupling_eval,5291.0102,outputs/Gumbel/64/lambda_4.txt
Gumbel,64,lambda_4,0.25,\lambda/4,standard_no_mc,with_coupling_eval,5296.7491,outputs/Gumbel/64/lambda_4.txt
Gumbel,64,lambda_4,0.25,\lambda/4,mc_aware,no_coupling_eval,5205.5918,outputs/Gumbel/64/lambda_4.txt
Gumbel,64,lambda_4,0.25,\lambda/4,mc_aware,with_coupling_eval,5316.1851,outputs/Gumbel/64/lambda_4.txt
Gumbel,64,lambda_2,0.5,\lambda/2,standard_no_mc,no_coupling_eval,4935.3437,outputs/Gumbel/64/lambda_2.txt
Gumbel,64,lambda_2,0.5,\lambda/2,standard_no_mc,with_coupling_eval,4933.3571,outputs/Gumbel/64/lambda_2.txt
Gumbel,64,lambda_2,0.5,\lambda/2,mc_aware,no_coupling_eval,4919.7728,outputs/Gumbel/64/lambda_2.txt
Gumbel,64,lambda_2,0.5,\lambda/2,mc_aware,with_coupling_eval,4931.853,outputs/Gumbel/64/lambda_2.txt
Gumbel,64,lambda,1.0,\lambda,standard_no_mc,no_coupling_eval,4183.451,outputs/Gumbel/64/lambda.txt
Gumbel,64,lambda,1.0,\lambda,standard_no_mc,with_coupling_eval,4183.7304,outputs/Gumbel/64/lambda.txt
Gumbel,64,lambda,1.0,\lambda,mc_aware,no_coupling_eval,4184.5349,outputs/Gumbel/64/lambda.txt
Gumbel,64,lambda,1.0,\lambda,mc_aware,with_coupling_eval,4185.9399,outputs/Gumbel/64/lambda.txt
Gumbel,256,lambda_4,0.25,\lambda/4,standard_no_mc,no_coupling_eval,8781.4274,outputs/Gumbel/256/lambda_4.txt
Gumbel,256,lambda_4,0.25,\lambda/4,standard_no_mc,with_coupling_eval,8783.126,outputs/Gumbel/256/lambda_4.txt
Gumbel,256,lambda_4,0.25,\lambda/4,mc_aware,no_coupling_eval,8325.6386,outputs/Gumbel/256/lambda_4.txt
Gumbel,256,lambda_4,0.25,\lambda/4,mc_aware,with_coupling_eval,9864.3412,outputs/Gumbel/256/lambda_4.txt
Gumbel,256,lambda_2,0.5,\lambda/2,standard_no_mc,no_coupling_eval,5986.7204,outputs/Gumbel/256/lambda_2.txt
Gumbel,256,lambda_2,0.5,\lambda/2,standard_no_mc,with_coupling_eval,5988.5387,outputs/Gumbel/256/lambda_2.txt
Gumbel,256,lambda_2,0.5,\lambda/2,mc_aware,no_coupling_eval,5890.0953,outputs/Gumbel/256/lambda_2.txt
Gumbel,256,lambda_2,0.5,\lambda/2,mc_aware,with_coupling_eval,5981.235,outputs/Gumbel/256/lambda_2.txt
Gumbel,256,lambda,1.0,\lambda,standard_no_mc,no_coupling_eval,6618.6702,outputs/Gumbel/256/lambda.txt
Gumbel,256,lambda,1.0,\lambda,standard_no_mc,with_coupling_eval,6621.6798,outputs/Gumbel/256/lambda.txt
Gumbel,256,lambda,1.0,\lambda,mc_aware,no_coupling_eval,6624.8332,outputs/Gumbel/256/lambda.txt
Gumbel,256,lambda,1.0,\lambda,mc_aware,with_coupling_eval,6630.161,outputs/Gumbel/256/lambda.txt
Transformer,16,lambda_4,0.25,\lambda/4,standard_no_mc,no_coupling_eval,3735.3661,outputs/Transformer/16/lambda_4.txt
Transformer,16,lambda_4,0.25,\lambda/4,standard_no_mc,with_coupling_eval,3736.0268,outputs/Transformer/16/lambda_4.txt
Transformer,16,lambda_4,0.25,\lambda/4,mc_aware,no_coupling_eval,3732.2028,outputs/Transformer/16/lambda_4.txt
Transformer,16,lambda_4,0.25,\lambda/4,mc_aware,with_coupling_eval,3736.434,outputs/Transformer/16/lambda_4.txt
Transformer,16,lambda_2,0.5,\lambda/2,standard_no_mc,no_coupling_eval,4891.7288,outputs/Transformer/16/lambda_2.txt
Transformer,16,lambda_2,0.5,\lambda/2,standard_no_mc,with_coupling_eval,4891.6938,outputs/Transformer/16/lambda_2.txt
Transformer,16,lambda_2,0.5,\lambda/2,mc_aware,no_coupling_eval,4897.5629,outputs/Transformer/16/lambda_2.txt
Transformer,16,lambda_2,0.5,\lambda/2,mc_aware,with_coupling_eval,4898.6836,outputs/Transformer/16/lambda_2.txt
Transformer,16,lambda,1.0,\lambda,standard_no_mc,no_coupling_eval,4068.9276,outputs/Transformer/16/lambda.txt
Transformer,16,lambda,1.0,\lambda,standard_no_mc,with_coupling_eval,4069.2059,outputs/Transformer/16/lambda.txt
Transformer,16,lambda,1.0,\lambda,mc_aware,no_coupling_eval,4069.2294,outputs/Transformer/16/lambda.txt
Transformer,16,lambda,1.0,\lambda,mc_aware,with_coupling_eval,4069.4834,outputs/Transformer/16/lambda.txt
Transformer,64,lambda_4,0.25,\lambda/4,standard_no_mc,no_coupling_eval,6292.5108,outputs/Transformer/64/lambda_4.txt
Transformer,64,lambda_4,0.25,\lambda/4,standard_no_mc,with_coupling_eval,6286.039,outputs/Transformer/64/lambda_4.txt
Transformer,64,lambda_4,0.25,\lambda/4,mc_aware,no_coupling_eval,6233.9761,outputs/Transformer/64/lambda_4.txt
Transformer,64,lambda_4,0.25,\lambda/4,mc_aware,with_coupling_eval,6359.9027,outputs/Transformer/64/lambda_4.txt
Transformer,64,lambda_2,0.5,\lambda/2,standard_no_mc,no_coupling_eval,4411.4289,outputs/Transformer/64/lambda_2.txt
Transformer,64,lambda_2,0.5,\lambda/2,standard_no_mc,with_coupling_eval,4414.8317,outputs/Transformer/64/lambda_2.txt
Transformer,64,lambda_2,0.5,\lambda/2,mc_aware,no_coupling_eval,4420.6925,outputs/Transformer/64/lambda_2.txt
Transformer,64,lambda_2,0.5,\lambda/2,mc_aware,with_coupling_eval,4431.239,outputs/Transformer/64/lambda_2.txt
Transformer,64,lambda,1.0,\lambda,standard_no_mc,no_coupling_eval,4634.2034,outputs/Transformer/64/lambda.txt
Transformer,64,lambda,1.0,\lambda,standard_no_mc,with_coupling_eval,4633.6701,outputs/Transformer/64/lambda.txt
Transformer,64,lambda,1.0,\lambda,mc_aware,no_coupling_eval,4631.2644,outputs/Transformer/64/lambda.txt
Transformer,64,lambda,1.0,\lambda,mc_aware,with_coupling_eval,4632.1385,outputs/Transformer/64/lambda.txt
Transformer,256,lambda_4,0.25,\lambda/4,standard_no_mc,no_coupling_eval,9047.0213,outputs/Transformer/256/lambda_4.txt
Transformer,256,lambda_4,0.25,\lambda/4,standard_no_mc,with_coupling_eval,8914.0699,outputs/Transformer/256/lambda_4.txt
Transformer,256,lambda_4,0.25,\lambda/4,mc_aware,no_coupling_eval,8570.2278,outputs/Transformer/256/lambda_4.txt
Transformer,256,lambda_4,0.25,\lambda/4,mc_aware,with_coupling_eval,10157.9257,outputs/Transformer/256/lambda_4.txt
Transformer,256,lambda_2,0.5,\lambda/2,standard_no_mc,no_coupling_eval,5141.4109,outputs/Transformer/256/lambda_2.txt
Transformer,256,lambda_2,0.5,\lambda/2,standard_no_mc,with_coupling_eval,5157.2966,outputs/Transformer/256/lambda_2.txt
Transformer,256,lambda_2,0.5,\lambda/2,mc_aware,no_coupling_eval,5149.931,outputs/Transformer/256/lambda_2.txt
Transformer,256,lambda_2,0.5,\lambda/2,mc_aware,with_coupling_eval,5257.4181,outputs/Transformer/256/lambda_2.txt
Transformer,256,lambda,1.0,\lambda,standard_no_mc,no_coupling_eval,5785.3179,outputs/Transformer/256/lambda.txt
Transformer,256,lambda,1.0,\lambda,standard_no_mc,with_coupling_eval,5787.7269,outputs/Transformer/256/lambda.txt
Transformer,256,lambda,1.0,\lambda,mc_aware,no_coupling_eval,5810.9347,outputs/Transformer/256/lambda.txt
Transformer,256,lambda,1.0,\lambda,mc_aware,with_coupling_eval,5820.5748,outputs/Transformer/256/lambda.txt
